{
    "epoch": 3.0,
    "eval_accuracy": 0.911847637892654,
    "eval_combined_score": 0.8965792072505764,
    "eval_f1": 0.8813107766084988,
    "eval_loss": 0.35514530539512634,
    "eval_runtime": 149.3187,
    "eval_samples": 40430,
    "eval_samples_per_second": 270.763,
    "eval_steps_per_second": 33.847
}