{
    "epoch": 5.0,
    "eval_accuracy": 0.30985915492957744,
    "eval_loss": 0.7101054787635803,
    "eval_runtime": 8.3725,
    "eval_samples": 71,
    "eval_samples_per_second": 8.48,
    "eval_steps_per_second": 1.075
}