{
    "epoch": 3.0,
    "eval_accuracy": 0.9048165137614679,
    "eval_loss": 0.32161664962768555,
    "eval_runtime": 10.3736,
    "eval_samples": 872,
    "eval_samples_per_second": 84.06,
    "eval_steps_per_second": 10.507,
    "total_flos": 6691160124062208.0,
    "train_loss": 0.14909472681367347,
    "train_runtime": 685.8784,
    "train_samples": 67349,
    "train_samples_per_second": 294.581,
    "train_steps_per_second": 4.606
}