{
    "epoch": 3.0,
    "eval_accuracy": 0.5848375451263538,
    "eval_loss": 0.6763620972633362,
    "eval_runtime": 8.5777,
    "eval_samples": 277,
    "eval_samples_per_second": 32.293,
    "eval_steps_per_second": 4.08
}