{
    "epoch": 5.0,
    "eval_accuracy": 0.2535211267605634,
    "eval_loss": 0.7066324949264526,
    "eval_runtime": 8.3665,
    "eval_samples": 71,
    "eval_samples_per_second": 8.486,
    "eval_steps_per_second": 1.076
}