{
    "epoch": 3.0,
    "eval_loss": 0.5178502202033997,
    "eval_matthews_correlation": 0.4356146646972585,
    "eval_runtime": 9.2602,
    "eval_samples": 1043,
    "eval_samples_per_second": 112.633,
    "eval_steps_per_second": 14.147
}