{
    "epoch": 3.0,
    "eval_accuracy": 0.8112745098039216,
    "eval_combined_score": 0.8402722294350677,
    "eval_f1": 0.8692699490662139,
    "eval_loss": 0.42560139298439026,
    "eval_runtime": 9.4557,
    "eval_samples": 408,
    "eval_samples_per_second": 43.149,
    "eval_steps_per_second": 5.394,
    "total_flos": 723818513295360.0,
    "train_loss": 0.3945292293161586,
    "train_runtime": 100.6055,
    "train_samples": 3668,
    "train_samples_per_second": 109.378,
    "train_steps_per_second": 3.429
}