{
    "epoch": 3.0,
    "eval_accuracy": 0.8186274509803921,
    "eval_combined_score": 0.8470241632006338,
    "eval_f1": 0.8754208754208754,
    "eval_loss": 0.41216912865638733,
    "eval_runtime": 8.6561,
    "eval_samples": 408,
    "eval_samples_per_second": 47.134,
    "eval_steps_per_second": 5.892
}