{
    "epoch": 3.0,
    "eval_combined_score": 0.8792343694168754,
    "eval_loss": 0.535747230052948,
    "eval_pearson": 0.8810892105102539,
    "eval_runtime": 12.3176,
    "eval_samples": 1500,
    "eval_samples_per_second": 121.777,
    "eval_spearmanr": 0.8773795283234967,
    "eval_steps_per_second": 15.263
}