{
    "epoch": 3.0,
    "eval_accuracy": 0.9254587155963303,
    "eval_loss": 0.30718058347702026,
    "eval_runtime": 10.9101,
    "eval_samples": 872,
    "eval_samples_per_second": 79.926,
    "eval_steps_per_second": 9.991
}